Sample,Site,Location,State,Country,Lat,Long,Date,Stage,Assignment,Consistency,Dataset,Notes
SERU2001,BC1,Mt. Blanchet,British Columbia,Canada,55.324692,-125.81,8/1/94,Breeding,WB,1,Individual,
SERU2003,BC1,Mt. Blanchet,British Columbia,Canada,55.324692,-125.81,8/1/94,Breeding,WB,1,LOO,
SERU2021,BC1,Mt. Blanchet,British Columbia,Canada,55.324692,-125.81,8/1/94,Breeding,WB,1,LOO,
SERU2022,BC1,Mt. Blanchet,British Columbia,Canada,55.324692,-125.81,8/1/94,Breeding,WB,1,Individual,
SERU2023,BC1,Mt. Blanchet,British Columbia,Canada,55.324692,-125.81,8/1/94,Breeding,WB,1,LOO,
SERU2024,BC1,Mt. Blanchet,British Columbia,Canada,55.324692,-125.81,8/1/94,Breeding,WB,1,Individual,
SERU2025,BC1,Mt. Blanchet,British Columbia,Canada,55.324692,-125.81,8/1/94,Breeding,WB,1,LOO,
SERU2028,BC1,Mt. Blanchet,British Columbia,Canada,55.324692,-125.81,8/1/94,Breeding,WB,1,LOO,
SERU2030,BC1,Mt. Blanchet,British Columbia,Canada,55.324692,-125.81,8/1/94,Breeding,WB,1,LOO,
SERU9702,BC1,Mt. Blanchet,British Columbia,Canada,55.324692,-125.81,8/1/94,Breeding,WB,1,LOO,
SERU2004,BC2,Monashee,British Columbia,Canada,50.59,-118.12,8/1/94,Breeding,WB,0.6,LOO,
SERU2006,BC2,Monashee,British Columbia,Canada,50.59,-118.12,8/1/94,Breeding,WB,1,LOO,
SERU2008,BC2,Monashee,British Columbia,Canada,50.59,-118.12,8/1/94,Breeding,WB,1,LOO,
SERU2010,BC2,Monashee,British Columbia,Canada,50.59,-118.12,8/1/94,Breeding,WB,0.7,Individual,
SERU2014,BC2,Monashee,British Columbia,Canada,50.59,-118.12,8/1/94,Breeding,BR,0.7,LOO,
SERU2015,BC2,Monashee,British Columbia,Canada,50.59,-118.12,8/1/94,Breeding,WB,1,LOO,
SERU2016,BC2,Monashee,British Columbia,Canada,50.59,-118.12,8/1/94,Breeding,WB,1,LOO,
SERU2017,BC2,Monashee,British Columbia,Canada,50.59,-118.12,8/1/94,Breeding,WB,1,LOO,
SERU2018,BC2,Monashee,British Columbia,Canada,50.59,-118.12,8/1/94,Breeding,WB,1,LOO,
SERU2019,BC2,Monashee,British Columbia,Canada,50.59,-118.12,8/1/94,Breeding,WB,1,LOO,
18N01067,KY,Benton,Kentucky,USA,36.851298,-88.330501,5/17/18,Breeding,ST,1,LOO,
18N01068,KY,Benton,Kentucky,USA,36.851298,-88.330501,7/10/18,Breeding,ST,1,Individual,
18N01069,KY,Benton,Kentucky,USA,36.851298,-88.330501,7/17/18,Breeding,ST,1,Individual,
18N01070,KY,Benton,Kentucky,USA,36.851298,-88.330501,8/23/18,Breeding,ST,1,LOO,
18N01071,KY,Benton,Kentucky,USA,36.928076,-88.456009,8/23/18,Breeding,ST,1,LOO,
18N01072,KY,Benton,Kentucky,USA,36.851298,-88.330501,8/23/18,Breeding,ST,1,LOO,
18N00490,LA1,Holmes Bayou,Louisiana,USA,30.46,-89.74,5/2/18,Breeding,ST,1,Individual,
18N00492,LA1,Holmes Bayou,Louisiana,USA,30.46,-89.74,5/2/18,Breeding,ST,1,Individual,
18N00493,LA1,Holmes Bayou,Louisiana,USA,30.46,-89.74,5/2/18,Breeding,ST,1,Individual,
18N00494,LA1,Holmes Bayou,Louisiana,USA,30.46,-89.74,5/2/18,Breeding,ST,1,Individual,
18N00495,LA1,Holmes Bayou,Louisiana,USA,30.46,-89.74,5/8/18,Breeding,ST,1,LOO,
18N00496,LA1,Holmes Bayou,Louisiana,USA,30.46,-89.74,5/8/18,Breeding,ST,1,LOO,
18N00497,LA1,Holmes Bayou,Louisiana,USA,30.46,-89.74,5/15/18,Breeding,ST,1,LOO,
18N00498,LA1,Holmes Bayou,Louisiana,USA,30.46,-89.74,5/15/18,Breeding,ST,1,LOO,
225062929,LA2,Pearl River,Louisiana,USA,30.19,-89.55,5/10/02,Breeding,ST,1,Individual,
225062930,LA2,Pearl River,Louisiana,USA,30.19,-89.55,5/11/02,Breeding,ST,1,Individual,
225062945,LA2,Pearl River,Louisiana,USA,30.19,-89.55,5/18/02,Breeding,ST,1,Individual,
225062946,LA2,Pearl River,Louisiana,USA,30.19,-89.55,5/18/02,Breeding,ST,1,Individual,
225062947,LA2,Pearl River,Louisiana,USA,30.19,-89.55,5/18/02,Breeding,ST,1,LOO,
225062948,LA2,Pearl River,Louisiana,USA,30.19,-89.55,5/19/02,Breeding,ST,1,LOO,
225062949,LA2,Pearl River,Louisiana,USA,30.19,-89.55,5/19/02,Breeding,ST,1,LOO,
225062950,LA2,Pearl River,Louisiana,USA,30.19,-89.55,5/19/02,Breeding,ST,1,LOO,
215063393,MD,White Sands,Maryland,USA,38.45,-76.42,5/25/02,Breeding,ST,1,Individual,
215063394,MD,White Sands,Maryland,USA,38.45,-76.42,5/25/02,Breeding,ST,1,Individual,
215063395,MD,White Sands,Maryland,USA,38.45,-76.42,5/25/02,Breeding,ST,1,Individual,
215063396,MD,White Sands,Maryland,USA,38.45,-76.42,5/25/02,Breeding,ST,1,Individual,
215063397,MD,White Sands,Maryland,USA,38.45,-76.42,5/25/02,Breeding,ST,1,Individual,
215063398,MD,White Sands,Maryland,USA,38.45,-76.42,5/25/02,Breeding,ST,0.9,LOO,
215063399,MD,White Sands,Maryland,USA,38.45,-76.42,5/26/02,Breeding,ST,0.8,LOO,
215063400,MD,White Sands,Maryland,USA,38.45,-76.42,5/27/02,Breeding,ST,1,LOO,
225024080,MD,White Sands,Maryland,USA,38.45,-76.42,5/27/02,Breeding,ST,1,LOO,
225024081,MD,White Sands,Maryland,USA,38.45,-76.42,5/27/02,Breeding,ST,1,LOO,
225090253,MI,Barbeau,Michigan,USA,46.24,-84.33,6/17/02,Breeding,NT,1,LOO,
225090254,MI,Barbeau,Michigan,USA,46.24,-84.33,6/17/02,Breeding,NT,1,Individual,
225090255,MI,Barbeau,Michigan,USA,46.24,-84.33,6/17/02,Breeding,NT,1,Individual,
225090256,MI,Barbeau,Michigan,USA,46.24,-84.33,6/17/02,Breeding,NT,0.9,LOO,
225090257,MI,Barbeau,Michigan,USA,46.24,-84.33,6/18/02,Breeding,NT,1,LOO,
225090258,MI,Barbeau,Michigan,USA,46.24,-84.33,6/18/02,Breeding,NT,1,Individual,
225090259,MI,Barbeau,Michigan,USA,46.24,-84.33,6/18/02,Breeding,NT,1,LOO,
225090261,MI,Barbeau,Michigan,USA,46.24,-84.33,6/18/02,Breeding,NT,1,LOO,
225090262,MI,Barbeau,Michigan,USA,46.24,-84.33,6/18/02,Breeding,NT,1,LOO,
225090263,MI,Barbeau,Michigan,USA,46.24,-84.33,6/19/02,Breeding,NT,1,LOO,
18N01091,MN,Finland,Minnesota,USA,47.416,-91.25,6/26/18,Breeding,NT,1,Individual,
18N01092,MN,Finland,Minnesota,USA,47.416,-91.25,6/27/18,Breeding,ST,1,Individual,
18N01093,MN,Finland,Minnesota,USA,47.416,-91.25,6/20/18,Breeding,NT,1,Individual,
18N01094,MN,Finland,Minnesota,USA,47.416,-91.25,7/6/18,Breeding,NT,0.9,Individual,
18N01095,MN,Finland,Minnesota,USA,47.416,-91.25,6/19/18,Breeding,NT,1,LOO,
18N01096,MN,Finland,Minnesota,USA,47.416,-91.25,6/20/18,Breeding,NT,1,LOO,
18N01097,MN,Finland,Minnesota,USA,47.416,-91.25,6/27/18,Breeding,NT,1,LOO,
18N01098,MN,Finland,Minnesota,USA,47.416,-91.25,6/27/18,Breeding,NT,1,LOO,
18N01099,MN,Finland,Minnesota,USA,47.416,-91.25,6/27/18,Breeding,NT,0.9,LOO,
18N01100,MN,Finland,Minnesota,USA,47.416,-91.25,6/27/18,Breeding,NT,0.9,LOO,
08N10178,MO,Spring Creek,Missouri,USA,37.7425,-92.042778,6/10/08,Breeding,ST,1,LOO,
08N10181,MO,Spring Creek,Missouri,USA,37.7425,-92.042778,6/10/08,Breeding,ST,1,Individual,
08N10189,MO,Spring Creek,Missouri,USA,37.7425,-92.042778,6/10/08,Breeding,ST,1,Individual,
08N10190,MO,Spring Creek,Missouri,USA,37.7425,-92.042778,6/10/08,Breeding,ST,1,Individual,
08N10191,MO,Spring Creek,Missouri,USA,37.7425,-92.042778,6/10/08,Breeding,ST,1,Individual,
08N10198,MO,Spring Creek,Missouri,USA,37.7425,-92.042778,6/10/08,Breeding,ST,1,Individual,
08N10200,MO,Spring Creek,Missouri,USA,37.7425,-92.042778,6/10/08,Breeding,ST,1,Individual,
08N10342,MO,Spring Creek,Missouri,USA,37.7425,-92.042778,6/21/08,Breeding,ST,1,Individual,
08N10641,MO,Spring Creek,Missouri,USA,37.7425,-92.042778,6/3/08,Breeding,ST,1,LOO,
08N10643,MO,Spring Creek,Missouri,USA,37.7425,-92.042778,6/3/08,Breeding,ST,1,LOO,
08N10644,MO,Spring Creek,Missouri,USA,37.7425,-92.042778,6/3/08,Breeding,ST,1,LOO,
08N10902,MO,Spring Creek,Missouri,USA,37.7425,-92.042778,6/10/08,Breeding,ST,1,LOO,
08N10908,MO,Spring Creek,Missouri,USA,37.773889,-92.200833,6/12/08,Breeding,ST,1,LOO,
225090302,MT,Woods Bay,Montana,USA,48.02,-114.01,7/1/02,Breeding,BR,1,LOO,
225090305,MT,Woods Bay,Montana,USA,48.02,-114.01,7/1/02,Breeding,BR,1,LOO,
225090306,MT,Woods Bay,Montana,USA,48.02,-114.01,7/1/02,Breeding,BR,1,LOO,
225090307,MT,Woods Bay,Montana,USA,48.02,-114.01,7/1/02,Breeding,BR,1,LOO,
225090308,MT,Woods Bay,Montana,USA,48.02,-114.01,7/1/02,Breeding,BR,1,LOO,
225090309,MT,Woods Bay,Montana,USA,48.02,-114.01,7/1/02,Breeding,BR,1,LOO,
225090310,MT,Woods Bay,Montana,USA,48.02,-114.01,7/1/02,Breeding,BR,1,LOO,
225090311,MT,Woods Bay,Montana,USA,48.02,-114.01,7/3/02,Breeding,BR,1,LOO,
SERU7010,NB,Alma,New Brunswick,Canada,45.62,-65.05,5/30/95,Breeding,MP,1,LOO,
SERU7012,NB,Alma,New Brunswick,Canada,45.62,-65.05,6/3/95,Breeding,MP,1,LOO,
SERU7013,NB,Alma,New Brunswick,Canada,45.62,-65.05,6/3/95,Breeding,MP,1,LOO,
SERU7016,NB,Alma,New Brunswick,Canada,45.62,-65.05,6/5/95,Breeding,MP,1,LOO,
SERU7019,NB,Alma,New Brunswick,Canada,45.62,-65.05,6/9/95,Breeding,MP,1,LOO,
SERU7025,NB,Alma,New Brunswick,Canada,45.62,-65.05,6/10/95,Breeding,MP,1,LOO,
SERU7026,NB,Alma,New Brunswick,Canada,45.62,-65.05,6/10/95,Breeding,MP,1,LOO,
SERU7027,NB,Alma,New Brunswick,Canada,45.62,-65.05,6/10/95,Breeding,MP,1,LOO,
SERU7028,NB,Alma,New Brunswick,Canada,45.62,-65.05,6/10/95,Breeding,MP,1,LOO,
SERU7030,NB,Alma,New Brunswick,Canada,45.62,-65.05,6/11/95,Breeding,MP,1,LOO,
SERU9003,NF,Cormack,Newfoundland,Canada,49.36,-57.31,6/27/94,Breeding,MP,1,LOO,
SERU9006,NF,Cormack,Newfoundland,Canada,49.36,-57.31,6/28/94,Breeding,MP,1,LOO,
SERU9008,NF,Cormack,Newfoundland,Canada,49.36,-57.31,6/28/94,Breeding,MP,1,LOO,
SERU9009,NF,Cormack,Newfoundland,Canada,49.36,-57.31,6/30/94,Breeding,MP,1,LOO,
SERU9010,NF,Cormack,Newfoundland,Canada,49.36,-57.31,6/30/94,Breeding,MP,1,LOO,
SERU9011,NF,Cormack,Newfoundland,Canada,49.36,-57.31,6/30/94,Breeding,MP,1,LOO,
SERU9013,NF,Cormack,Newfoundland,Canada,49.36,-57.31,6/30/94,Breeding,MP,1,LOO,
SERU9014,NF,Cormack,Newfoundland,Canada,49.36,-57.31,6/30/94,Breeding,MP,1,LOO,
SERU9027,NF,Cormack,Newfoundland,Canada,49.36,-57.31,6/19/95,Breeding,MP,1,LOO,
SERU9028,NF,Cormack,Newfoundland,Canada,49.36,-57.31,6/20/95,Breeding,MP,1,LOO,
SERU9030,NF,Cormack,Newfoundland,Canada,49.36,-57.31,6/20/95,Breeding,MP,1,LOO,
SERU9032,NF,Cormack,Newfoundland,Canada,49.36,-57.31,6/24/95,Breeding,MP,1,LOO,
SERU9033,NF,Cormack,Newfoundland,Canada,49.36,-57.31,6/24/95,Breeding,MP,1,LOO,
SERU9036,NF,Cormack,Newfoundland,Canada,49.36,-57.31,6/27/95,Breeding,MP,1,LOO,
SERU9037,NF,Cormack,Newfoundland,Canada,49.36,-57.31,6/28/95,Breeding,MP,1,LOO,
SERU9038,NF,Cormack,Newfoundland,Canada,49.36,-57.31,6/24/95,Breeding,MP,1,LOO,
SERU9040,NF,Cormack,Newfoundland,Canada,49.36,-57.31,6/26/95,Breeding,MP,1,LOO,
SERU5012,ON,Gananoque,Ontario,Canada,44.35,-76.19,,Breeding,NT,1,Individual,
SERU5013,ON,Gananoque,Ontario,Canada,44.35,-76.19,,Breeding,NT,1,Individual,
SERU5015,ON,Gananoque,Ontario,Canada,44.35,-76.19,,Breeding,NT,0.9,Individual,
SERU5017,ON,Gananoque,Ontario,Canada,44.35,-76.19,,Breeding,NT,0.9,Individual,
SERU5020,ON,Gananoque,Ontario,Canada,44.35,-76.19,,Breeding,NT,1,LOO,
SERU5021,ON,Gananoque,Ontario,Canada,44.35,-76.19,,Breeding,NT,1,LOO,
SERU5022,ON,Gananoque,Ontario,Canada,44.35,-76.19,,Breeding,NT,1,LOO,
SERU5026,ON,Gananoque,Ontario,Canada,44.35,-76.19,5/21/95,Breeding,NT,0.9,LOO,
SERU5029,ON,Gananoque,Ontario,Canada,44.35,-76.19,5/27/95,Breeding,NT,1,LOO,
SERU5030,ON,Gananoque,Ontario,Canada,44.35,-76.19,5/24/95,Breeding,NT,1,LOO,
283021325,PA,Bradys Lake,Pennsylvania,USA,41.168192,-75.527494,6/13/17,Breeding,ST,0.7,Individual,
283021336,PA,Bushkill,Pennsylvania,USA,41.079248,-74.993223,6/20/17,Breeding,ST,0.6,Individual,
18N00846,QB,Normandin,Quebec,Canada,48.87079,-72.68293,6/13/18,Breeding,NT,1,Individual,
18N00847,QB,Normandin,Quebec,Canada,48.87147,-72.68155,6/13/18,Breeding,NT,1,Individual,
18N00849,QB,Normandin,Quebec,Canada,48.87014,-72.67908,6/13/18,Breeding,NT,1,Individual,
18N00850,QB,Normandin,Quebec,Canada,48.6126,-72.50675,6/14/18,Breeding,NT,1,LOO,
18N00851,QB,Normandin,Quebec,Canada,48.61108,-72.51052,6/14/18,Breeding,NT,1,LOO,
18N00852,QB,Normandin,Quebec,Canada,48.61108,-72.51052,6/14/18,Breeding,NT,1,LOO,
18N00853,QB,Normandin,Quebec,Canada,48.60759,-72.51804,6/14/18,Breeding,NT,1,LOO,
18N00854,QB,Normandin,Quebec,Canada,48.40567,-72.08019,6/17/18,Breeding,NT,1,LOO,
18N00855,QB,Normandin,Quebec,Canada,48.40209,-72.07268,6/17/18,Breeding,NT,1,LOO,
20N002001,SD,Spearfish,South Dakota,USA,44.389778,-103.970779,6/17/20,Breeding,BR,1,Individual,
20N002002,SD,Spearfish,South Dakota,USA,44.400866,-103.976246,6/17/20,Breeding,BR,1,Individual,
20N002003,SD,Spearfish,South Dakota,USA,44.400866,-103.976246,6/17/20,Breeding,BR,1,Individual,
20N002004,SD,Spearfish,South Dakota,USA,44.400866,-103.976246,6/17/20,Breeding,BR,1,Individual,
20N002005,SD,Spearfish,South Dakota,USA,44.400866,-103.976246,6/17/20,Breeding,BR,1,Individual,
20N002006,SD,Spearfish,South Dakota,USA,44.400866,-103.976246,6/17/20,Breeding,BR,1,Individual,
20N002007,SD,Spearfish,South Dakota,USA,44.400866,-103.976246,6/17/20,Breeding,BR,1,Individual,
20N002008,SD,Spearfish,South Dakota,USA,44.424195,-103.973325,6/18/20,Breeding,BR,1,Individual,
20N002009,SD,Spearfish,South Dakota,USA,44.424195,-103.973325,6/18/20,Breeding,BR,1,LOO,
20N002010,SD,Spearfish,South Dakota,USA,44.424195,-103.973325,6/18/20,Breeding,BR,1,LOO,
20N002011,SD,Spearfish,South Dakota,USA,44.424195,-103.973325,6/18/20,Breeding,BR,1,LOO,
20N002012,SD,Spearfish,South Dakota,USA,44.424195,-103.973325,6/18/20,Breeding,BR,1,LOO,
20N002013,SD,Spearfish,South Dakota,USA,44.424195,-103.973325,6/18/20,Breeding,BR,1,LOO,
20N002014,SD,Spearfish,South Dakota,USA,44.424195,-103.973325,6/18/20,Breeding,BR,1,LOO,
20N002015,SD,Spearfish,South Dakota,USA,44.460442,-103.952041,6/18/20,Breeding,BR,1,LOO,
20N002016,SD,Spearfish,South Dakota,USA,44.460442,-103.952041,6/18/20,Breeding,BR,1,LOO,
20N002017,SD,Spearfish,South Dakota,USA,44.468531,-103.94308,6/19/20,Breeding,BR,1,LOO,
20N002019,SD,Spearfish,South Dakota,USA,44.468531,-103.94308,6/19/20,Breeding,BR,1,LOO,
20N002020,SD,Spearfish,South Dakota,USA,44.468531,-103.94308,6/19/20,Breeding,BR,1,LOO,
SERU3011,SK,Mayview,Saskatchewan,Canada,53.57,-106.22,NA,Breeding,WB,1,LOO,
SERU3017,SK,Mayview,Saskatchewan,Canada,53.57,-106.22,NA,Breeding,WB,1,LOO,
SERU3019,SK,Mayview,Saskatchewan,Canada,53.57,-106.22,NA,Breeding,WB,1,Individual,
SERU3025,SK,Mayview,Saskatchewan,Canada,53.57,-106.22,NA,Breeding,WB,1,LOO,
SERU3038,SK,Mayview,Saskatchewan,Canada,53.57,-106.22,NA,Breeding,WB,1,LOO,
SERU3046,SK,Mayview,Saskatchewan,Canada,53.57,-106.22,NA,Breeding,WB,1,Individual,
SERU3047,SK,Mayview,Saskatchewan,Canada,53.57,-106.22,NA,Breeding,WB,1,LOO,
SERU3048,SK,Mayview,Saskatchewan,Canada,53.57,-106.22,NA,Breeding,WB,1,LOO,
SERU3056,SK,Mayview,Saskatchewan,Canada,53.57,-106.22,NA,Breeding,WB,1,LOO,
00N0043,BE,San Ignacio,Cayo,Belize,17.153562,-89.078602,1/4/00,Wintering,WB,0.9,Individual,
00N0047,BE,San Ignacio,Cayo,Belize,17.153562,-89.078602,1/5/00,Wintering,WB,1,Individual,
00N0066,BE,San Ignacio,Cayo,Belize,17.153562,-89.078602,1/10/00,Wintering,WB,0.8,Individual,
00N0089,BE,San Ignacio,Cayo,Belize,17.153562,-89.078602,1/16/00,Wintering,WB,1,Individual,
00N0103,BE,San Ignacio,Cayo,Belize,17.153562,-89.078602,1/8/00,Wintering,WB,1,Individual,
04N8970,CR1,Iguanita,Guanacaste,Costa Rica,10.616667,-85.616667,12/8/04,Wintering,WB,1,Individual,
05N0710,CR1,Iguanita,Guanacaste,Costa Rica,10.616667,-85.616667,11/30/05,Wintering,WB,1,Individual,
05N0711,CR1,Iguanita,Guanacaste,Costa Rica,10.616667,-85.616667,12/22/05,Wintering,WB,1,Individual,
06N0178,CR1,Iguanita,Guanacaste,Costa Rica,10.616667,-85.616667,1/17/06,Wintering,WB,1,Individual,
06N0179,CR1,Iguanita,Guanacaste,Costa Rica,10.616667,-85.616667,1/17/06,Wintering,WB,1,Individual,
06N8302,CR1,Iguanita,Guanacaste,Costa Rica,10.616667,-85.616667,12/21/06,Wintering,WB,1,Individual,
08N37465,CR1,Naranjo,Guanacaste,Costa Rica,10.783333,-85.666667,1/23/08,Wintering,WB,0.8,Individual,
08N37711,CR1,Iguanita,Guanacaste,Costa Rica,10.616667,-85.616667,12/15/08,Wintering,WB,1,Individual,
08N37794,CR1,Naranjo,Guanacaste,Costa Rica,10.783333,-85.666667,12/31/08,Wintering,WB,1,Individual,
08N37960,CR1,Iguanita,Guanacaste,Costa Rica,10.616667,-85.616667,1/19/09,Wintering,WB,1,Individual,
08N38132,CR1,Iguanita,Guanacaste,Costa Rica,10.616667,-85.616667,2/18/09,Wintering,WB,1,Individual,
09N2509,CR1,Tamarindo,Guanacaste,Costa Rica,10.316667,-85.833333,11/17/09,Wintering,ST,1,Individual,
09N2875,CR1,Tamarindo,Guanacaste,Costa Rica,10.316667,-85.833333,2/7/10,Wintering,WB,1,Individual,
03N0947,CR2,Agua Buena,Puntarenas,Costa Rica,8.754194245,-82.92589174,2/24/03,Wintering,WB,1,Individual,
07N65812,CR2,Agua Buena,Puntarenas,Costa Rica,8.816145645,-82.92338203,2/18/09,Wintering,ST,1,Individual,
09N0736,CR2,Agua Buena,Puntarenas,Costa Rica,8.79056072,-82.9664433,2/11/09,Wintering,ST,1,Individual,
09N10529,CR2,Agua Buena,Puntarenas,Costa Rica,8.754194245,-82.92589174,3/7/09,Wintering,ST,1,Individual,
09N10565,CR2,Agua Buena,Puntarenas,Costa Rica,8.816145645,-82.92338203,3/1/09,Wintering,ST,1,Individual,
nzpcuba277,CU,Boquer—n,Guant‡namo,Cuba,19.9281,-75.12105,1/25/04,Wintering,NT,1,Individual,
nzpcuba278,CU,Boquer—n,Guant‡namo,Cuba,19.9281,-75.12105,1/25/04,Wintering,NT,0.9,Individual,
nzpcuba280,CU,Boquer—n,Guant‡namo,Cuba,19.9281,-75.12105,1/24/04,Wintering,NA,NA,Individual,Excluded from pop assignment due to low coverage (<0.1x)
nzpcuba281,CU,Boquer—n,Guant‡namo,Cuba,19.9224,-75.1357,1/31/04,Wintering,NA,NA,Individual,Excluded from pop assignment due to low coverage (<0.1x)
nzpcuba282,CU,Boquer—n,Guant‡namo,Cuba,19.9224,-75.1357,1/24/04,Wintering,BR,1,Individual,
nzpcuba284,CU,Boquer—n,Guant‡namo,Cuba,19.9281,-75.12105,1/11/04,Wintering,NT,0.9,Individual,
nzpcuba286,CU,Boquer—n,Guant‡namo,Cuba,19.9153,-75.1094,1/26/08,Wintering,NT,1,Individual,
nzpcuba80,CU,Boquer—n,Guant‡namo,Cuba,19.9224,-75.1357,2/1/04,Wintering,NT,1,Individual,
nzpcuba81,CU,Boquer—n,Guant‡namo,Cuba,19.9224,-75.1357,2/1/04,Wintering,NT,0.9,Individual,
nzpcuba82,CU,Boquer—n,Guant‡namo,Cuba,19.9841,-75.1154,2/4/04,Wintering,NA,NA,Individual,Excluded from pop assignment due to low coverage (<0.1x)
nzpcuba83,CU,Boquer—n,Guant‡namo,Cuba,19.9281,-75.12105,1/25/04,Wintering,NT,1,Individual,
nzpcuba84,CU,Boquer—n,Guant‡namo,Cuba,19.9841,-75.1154,2/4/04,Wintering,NA,NA,Individual,Excluded from pop assignment due to low coverage (<0.1x)
04N9003,JM,Windsor,Trelawny,Jamaica,18.356389,-77.646944,3/3/04,Wintering,ST,0.6,Individual,
04N9004,JM,Windsor,Trelawny,Jamaica,18.356389,-77.646944,3/5/04,Wintering,NT,0.7,Individual,
04N9005,JM,Windsor,Trelawny,Jamaica,18.356389,-77.646944,2/29/04,Wintering,NT,0.7,Individual,
04N9760,JM,Windsor,Trelawny,Jamaica,18.356389,-77.646944,10/31/04,Wintering,NT,0.9,Individual,
04N9761,JM,Windsor,Trelawny,Jamaica,18.356389,-77.646944,11/3/04,Wintering,ST,0.5,Individual,
05N9588,JM,Windsor,Trelawny,Jamaica,18.356389,-77.646944,12/29/05,Wintering,NT,0.6,Individual,
05N9589,JM,Windsor,Trelawny,Jamaica,18.356389,-77.646944,11/6/05,Wintering,WB,0.4,Individual,
nzpjam12017,JM,Fonthill,St. Elizabeth,Jamaica,18.04241994,-77.94102177,4/16/17,Wintering,NT,0.7,Individual,
nzpjam12020,JM,Fonthill,St. Elizabeth,Jamaica,18.04241994,-77.94102177,4/30/17,Wintering,ST,0.5,Individual,
nzpjam12024,JM,Fonthill,St. Elizabeth,Jamaica,18.04241994,-77.94102177,4/15/17,Wintering,NT,1,Individual,
nzpjam12031,JM,Fonthill,St. Elizabeth,Jamaica,18.04007078,-77.94128054,4/17/17,Wintering,NT,0.7,Individual,
nzpjam12038,JM,Fonthill,St. Elizabeth,Jamaica,18.04241994,-77.94102177,4/22/17,Wintering,NT,0.7,Individual,
nzpjam12042,JM,Fonthill,St. Elizabeth,Jamaica,18.03831687,-77.93725198,1/22/17,Wintering,ST,0.5,Individual,
nzpjam12043,JM,Fonthill,St. Elizabeth,Jamaica,18.04241994,-77.94102177,1/15/17,Wintering,NT,0.9,Individual,
nzpjam12046,JM,Fonthill,St. Elizabeth,Jamaica,18.04241994,-77.94102177,4/13/17,Wintering,NT,0.7,Individual,
nzpjam12064,JM,Fonthill,St. Elizabeth,Jamaica,18.04241994,-77.94102177,4/3/17,Wintering,WB,0.7,Individual,
nzpjam12071,JM,Fonthill,St. Elizabeth,Jamaica,18.03531132,-77.93538515,3/10/17,Wintering,WB,0.6,Individual,
nzpjam12077,JM,Fonthill,St. Elizabeth,Jamaica,18.04241994,-77.94102177,2/7/17,Wintering,NT,0.5,Individual,
nzpjam7230,JM,Fonthill,St. Elizabeth,Jamaica,18.03831687,-77.93725198,3/28/17,Wintering,NT,1,Individual,
18N07897,MX6,La Palma,Tabasco,Mexico,17.974167,-92.803333,12/23/18,Wintering,WB,1,Individual,
18N07898,MX5,Boca del R’o,Veracruz,Mexico,19.111111,-96.116944,2/26/18,Wintering,WB,1,Individual,
18N07899,MX5,Boca del R’o,Veracruz,Mexico,19.111111,-96.116944,3/14/18,Wintering,WB,1,Individual,
19N01558,MX6,La Palma,Tabasco,Mexico,17.976667,-92.801667,1/31/19,Wintering,WB,1,Individual,
19N01559,MX7,Mexico City,Mexico City,Mexico,19.657235,-99.01527,11/13/19,Wintering,WB,1,Individual,
19N01560,MX6,La Palma,Tabasco,Mexico,18.006934,-92.8010591,2/3/19,Wintering,WB,1,Individual,
03N6492,MX2,Los Tuxtlas,Veracruz,Mexico,18.586944,-95.077222,12/2/03,Wintering,WB,1,Individual,
03N6493,MX2,Los Tuxtlas,Veracruz,Mexico,18.586944,-95.077222,12/2/03,Wintering,WB,1,Individual,
04N5238,MX2,Los Tuxtlas,Veracruz,Mexico,18.586944,-95.077222,1/23/04,Wintering,WB,1,Individual,
04N5239,MX2,Los Tuxtlas,Veracruz,Mexico,18.642222,-95.091111,2/3/04,Wintering,WB,1,Individual,
04N5240,MX2,Los Tuxtlas,Veracruz,Mexico,18.586944,-95.077222,2/8/04,Wintering,WB,1,Individual,
04N5241,MX2,Los Tuxtlas,Veracruz,Mexico,18.642222,-95.091111,3/16/04,Wintering,WB,1,Individual,
04N5242,MX2,Los Tuxtlas,Veracruz,Mexico,18.586944,-95.077222,11/14/04,Wintering,WB,1,Individual,
04N5245,MX2,Los Tuxtlas,Veracruz,Mexico,18.642222,-95.091111,11/26/04,Wintering,NT,0.9,Individual,
21N03174,CU,Boquer—n,Guant‡namo,Cuba,19.9343,-75.1138,1/22/04,Wintering,NT,1,Individual,
21N03175,CU,Boquer—n,Guant‡namo,Cuba,19.9343,-75.1138,1/22/04,Wintering,NT,1,Individual,
21N03176,CU,Boquer—n,Guant‡namo,Cuba,19.9343,-75.1138,1/22/04,Wintering,WB,0.6,Individual,
21N03177,CU,Boquer—n,Guant‡namo,Cuba,19.9281,-75.12105,1/31/04,Wintering,NT,0.8,Individual,
21N03178,CU,Boquer—n,Guant‡namo,Cuba,19.9281,-75.12105,1/31/04,Wintering,NT,1,Individual,
21N03181,CU,Boquer—n,Guant‡namo,Cuba,19.9841,-75.1154,2/1/04,Wintering,NT,1,Individual,
21N03258,BA,Central Eleuthera,Central Eleuthera,Bahamas,25.03039,-76.133162,1/23/09,Wintering,NT,1,Individual,
21N03263,BA,Central Eleuthera,Central Eleuthera,Bahamas,25.03039,-76.133162,1/21/09,Wintering,NT,1,Individual,
21N03267,BA,Central Eleuthera,Central Eleuthera,Bahamas,25.03039,-76.133162,1/21/09,Wintering,NT,1,Individual,
21N03268,BA,Central Eleuthera,Central Eleuthera,Bahamas,25.03039,-76.133162,1/21/09,Wintering,NT,1,Individual,
21N03270,BA,Central Eleuthera,Central Eleuthera,Bahamas,25.03039,-76.133162,1/21/09,Wintering,NT,1,Individual,
21N03271,BA,Central Eleuthera,Central Eleuthera,Bahamas,25.03039,-76.133162,1/23/09,Wintering,NT,1,Individual,
21N03272,BA,Central Eleuthera,Central Eleuthera,Bahamas,25.03039,-76.133162,1/22/09,Wintering,NT,1,Individual,
21N03273,BA,Central Eleuthera,Central Eleuthera,Bahamas,25.03039,-76.133162,1/19/09,Wintering,NT,1,Individual,
21N03276,BA,Central Eleuthera,Central Eleuthera,Bahamas,25.03039,-76.133162,1/19/09,Wintering,NT,1,Individual,
21N03277,BA,Central Eleuthera,Central Eleuthera,Bahamas,25.03039,-76.133162,1/19/09,Wintering,NT,1,Individual,
21N03278,BA,Central Eleuthera,Central Eleuthera,Bahamas,25.03039,-76.133162,1/19/09,Wintering,NT,1,Individual,
21N03280,BA,Central Eleuthera,Central Eleuthera,Bahamas,25.03039,-76.133162,1/24/09,Wintering,NT,1,Individual,
21N03307,PR,Maricao,Maricao,Puerto Rico,18.1833,-66.979198,2/27/02,Wintering,NT,0.8,Individual,
21N03308,PR,Cabo Rojo,Cabo Rojo,Puerto Rico,17.959252,-67.195511,2/26/02,Wintering,NT,0.8,Individual,
21N03309,PR,Cabo Rojo,Cabo Rojo,Puerto Rico,17.959252,-67.195511,2/26/02,Wintering,NT,1,Individual,
21N03310,PR,Cabo Rojo,Cabo Rojo,Puerto Rico,17.959252,-67.195511,2/26/02,Wintering,NT,1,Individual,
21N03316,PR,Cabo Rojo,Cabo Rojo,Puerto Rico,17.959252,-67.195511,2/13/04,Wintering,NT,0.7,Individual,
21N03317,PR,Cabo Rojo,Cabo Rojo,Puerto Rico,17.959252,-67.195511,2/14/04,Wintering,NT,1,Individual,
21N03319,PR,Cabo Rojo,Cabo Rojo,Puerto Rico,17.959252,-67.195511,2/22/04,Wintering,NT,1,Individual,
21N03332,SM,Rambaud,Rambaud,St. Maarten,18.087032,-63.056538,2/26/09,Wintering,ST,0.8,Individual,
21N03334,SM,Rambaud,Rambaud,St. Maarten,18.087032,-63.056538,2/26/09,Wintering,ST,1,Individual,
21N03335,SM,Rambaud,Rambaud,St. Maarten,18.087032,-63.056538,2/26/09,Wintering,ST,1,Individual,
21N03338,SM,Rambaud,Rambaud,St. Maarten,18.087032,-63.056538,3/1/09,Wintering,ST,1,Individual,
21N03339,SM,Rambaud,Rambaud,St. Maarten,18.087032,-63.056538,1/3/09,Wintering,ST,1,Individual,
21N03340,SM,Rambaud,Rambaud,St. Maarten,18.087032,-63.056538,1/3/09,Wintering,ST,0.9,Individual,
21N03341,SM,Rambaud,Rambaud,St. Maarten,18.087032,-63.056538,3/1/09,Wintering,ST,1,Individual,
21N03342,SM,Rambaud,Rambaud,St. Maarten,18.087032,-63.056538,3/1/09,Wintering,NT,1,Individual,
21N03343,SM,Rambaud,Rambaud,St. Maarten,18.087032,-63.056538,3/1/09,Wintering,ST,1,Individual,
21N03345,SM,Rambaud,Rambaud,St. Maarten,18.087032,-63.056538,2/27/09,Wintering,ST,1,Individual,
21N03352,DR,Mano Juan,Isla Saona,Dominican Republic,18.161592,-68.707157,2/6/09,Wintering,NT,0.9,Individual,
21N03354,DR,Mano Juan,Isla Saona,Dominican Republic,18.161592,-68.707157,2/8/09,Wintering,NT,1,Individual,
21N03363,DR,Mano Juan,Isla Saona,Dominican Republic,18.161592,-68.707157,2/18/94,Wintering,NT,1,Individual,
21N03370,DR,Mano Juan,Isla Saona,Dominican Republic,18.161592,-68.707157,2/20/94,Wintering,NT,1,Individual,
21N03372,DR,Mano Juan,Isla Saona,Dominican Republic,18.161592,-68.707157,2/20/94,Wintering,NT,1,Individual,
21N03373,DR,Mano Juan,Isla Saona,Dominican Republic,18.161592,-68.707157,2/20/94,Wintering,NT,1,Individual,
21N03375,DR,Mano Juan,Isla Saona,Dominican Republic,18.161592,-68.707157,2/26/94,Wintering,NT,0.6,Individual,
21N03376,DR,Mano Juan,Isla Saona,Dominican Republic,18.161592,-68.707157,2/27/94,Wintering,NT,0.8,Individual,
18N00362,PR,Jobos,Isabela,Puerto Rico,18.49,-67.06,3/9/18,Wintering,ST,0.8,Individual,
18N01005,PR,Jobos,Isabela,Puerto Rico,18.49,-67.06,4/6/18,Wintering,NT,1,Individual,
18N01006,PR,Jobos,Isabela,Puerto Rico,18.49,-67.06,4/6/18,Wintering,NT,0.9,Individual,
19N03365,MX1,R’o Lagartos,Yucat‡n,Mexico,21.482341,-87.724472,12/3/19,Wintering,WB,1,Individual,
20N002508,MX1,R’o Lagartos,Yucat‡n,Mexico,21.556673,-88.232269,1/11/20,Wintering,WB,1,Individual,
20N002509,MX1,R’o Lagartos,Yucat‡n,Mexico,21.556673,-88.232269,1/11/20,Wintering,WB,1,Individual,
20N002510,MX1,R’o Lagartos,Yucat‡n,Mexico,21.512567,-87.676515,2/13/20,Wintering,NT,0.9,Individual,
20N002511,MX1,R’o Lagartos,Yucat‡n,Mexico,21.518728,-87.705059,2/14/20,Wintering,WB,1,Individual,
20N002512,MX3,Celestœn,Yucat‡n,Mexico,20.85119,-90.39362,2/27/20,Wintering,WB,1,Individual,
21N02292,MX3,Celestœn,Yucat‡n,Mexico,20.8551292,-90.3925121,1/17/21,Wintering,WB,1,Individual,
21N02293,MX4,Hermanos Flores Mag—n,Quintana Roo,Mexico,18.636672,-87.729325,2/21/21,Wintering,NT,0.9,Individual,
21N02294,MX4,Hermanos Flores Mag—n,Quintana Roo,Mexico,18.637896,-87.729367,2/22/21,Wintering,WB,1,Individual,
21N02295,MX4,Hermanos Flores Mag—n,Quintana Roo,Mexico,18.636672,-87.729325,2/24/21,Wintering,WB,1,Individual,
21N02754,COL,Acacias,Meta,Colombia,3.97376,-73.7999,1/15/21,Wintering,MP,1,Individual,
21N02755,COL,Acacias,Meta,Colombia,3.97376,-73.7999,1/15/21,Wintering,MP,1,Individual,
21N02756,COL,Acacias,Meta,Colombia,3.97376,-73.7999,1/15/21,Wintering,MP,1,Individual,
21N02757,COL,La Libertad,Meta,Colombia,4.06078,-73.46402,12/2/19,Wintering,MP,1,Individual,
21N02758,COL,La Libertad,Meta,Colombia,4.06078,-73.46402,12/4/19,Wintering,MP,1,Individual,
21N02759,COL,La Libertad,Meta,Colombia,4.06078,-73.46402,12/5/19,Wintering,MP,1,Individual,
21N02760,COL,La Libertad,Meta,Colombia,4.06078,-73.46402,12/5/19,Wintering,MP,1,Individual,
21N02761,COL,La Libertad,Meta,Colombia,4.06078,-73.46402,1/10/20,Wintering,MP,1,Individual,
21N02779,COL,Villavicencio,Meta,Colombia,4.071163,-73.580135,2/9/17,Wintering,MP,1,Individual,
21N02781,COL,Villavicencio,Meta,Colombia,4.071163,-73.580135,1/13/18,Wintering,ST,1,Individual,
21N02782,COL,Villavicencio,Meta,Colombia,4.071163,-73.580135,1/15/18,Wintering,MP,1,Individual,
21N02783,COL,Villavicencio,Meta,Colombia,4.071163,-73.580135,1/15/18,Wintering,MP,1,Individual,
22N04004,TR,Carli Bay,Couva,Trinidad,10.424057,-61.491825,12/4/21,Wintering,ST,1,Individual,
22N04005,TR,Verdant Vale,Tunapuna/Piarco,Trinidad,10.707305,-61.285958,12/6/21,Wintering,ST,1,Individual,
22N04006,TR,Verdant Vale,Tunapuna/Piarco,Trinidad,10.707305,-61.285958,12/6/21,Wintering,ST,1,Individual,
22N04007,TR,Verdant Vale,Tunapuna/Piarco,Trinidad,10.707305,-61.285958,12/6/21,Wintering,ST,1,Individual,
22N04010,TR,Preysal,Couva,Trinidad,10.38026,-61.386978,12/7/21,Wintering,ST,1,Individual,
22N04011,TR,Preysal,Couva,Trinidad,10.38026,-61.386978,12/10/21,Wintering,ST,1,Individual,
22N04012,TR,Preysal,Couva,Trinidad,10.38026,-61.386978,12/10/21,Wintering,ST,1,Individual,
22N04013,TR,Preysal,Couva,Trinidad,10.38026,-61.386978,12/10/21,Wintering,ST,1,Individual,
22N04014,TR,Preysal,Couva,Trinidad,10.38026,-61.386978,12/10/21,Wintering,MP,1,Individual,
22N04016,TR,Caroni,San Juan,Trinidad,10.607171,-61.434614,1/26/22,Wintering,ST,1,Individual,
22N04017,TR,Caroni,San Juan,Trinidad,10.607171,-61.434614,1/26/22,Wintering,ST,1,Individual,
22N04018,TR,Caroni,San Juan,Trinidad,10.607171,-61.434614,1/26/22,Wintering,ST,1,Individual,